tanggal,penyakit_tag,skor_ancaman,lokasi_mentah,level_lokasi,confidence_lokasi,geocode_status,judul,sumber,link,final_url,summary,lat,lon
"Wed, 25 Feb 2026 04:47:50 GMT",DBD,35,Jawa Barat,province,0.75,OK,"Waspada DBD di Musim Pancaroba, RSUD Subang Gelar Penyuluhan Intensif bagi Pasien dan Keluarga - KOTASUBANG.com",KOTASUBANG.com,https://news.google.com/rss/articles/CBMixAFBVV95cUxOMHBWQzBpakR2TlI2OVVKdHBDUHF5UXBjNVB0enRfRmhNSVJwTTRuTjVwYm12TzRuZ3ZfM1hqOXp3aXhiNExPdDFVdlIwWFQyOGloMEVUYlNGVWgyaXFIUzhkTFBDYVhIbVBlX29IbDY5c2h1MmdrclJTbDd6eWR5V0YweF9mZG5UZ1lFYUtIcTE2alFSOVNnSFItblA5NjVXZXp4Q3VTdWhDWFJnbEVHM2loQmZBVVVqLWEweGt4a3pRbHR10gHKAUFVX3lxTFBTcmZtUVl6OEtLQTY1Y01RVGdwNENvMEJVcE03WlFlVFZoMnFIM21uTHN6ektGZW1lZDFuRzFxVWtGZnRqWkI3eFNISzFSSGw0bFJZa2l1NU1zX3NUcFV3TnFlSkpEZi1IN2NyY1lYWmNhOFFiaW9CQjdLNVpLOTFlMEJCVV9veklDRFFZZGdJTDVMNkVFdTFaT1gxcmxURV9ZbVVhZXp5UWZ4N2dYM1lfcXpoSlRoYWVZMF9qa2h0SlExZmZKX3c4QWc?oc=5,https://news.google.com/rss/articles/CBMixAFBVV95cUxOMHBWQzBpakR2TlI2OVVKdHBDUHF5UXBjNVB0enRfRmhNSVJwTTRuTjVwYm12TzRuZ3ZfM1hqOXp3aXhiNExPdDFVdlIwWFQyOGloMEVUYlNGVWgyaXFIUzhkTFBDYVhIbVBlX29IbDY5c2h1MmdrclJTbDd6eWR5V0YweF9mZG5UZ1lFYUtIcTE2alFSOVNnSFItblA5NjVXZXp4Q3VTdWhDWFJnbEVHM2loQmZBVVVqLWEweGt4a3pRbHR10gHKAUFVX3lxTFBTcmZtUVl6OEtLQTY1Y01RVGdwNENvMEJVcE03WlFlVFZoMnFIM21uTHN6ektGZW1lZDFuRzFxVWtGZnRqWkI3eFNISzFSSGw0bFJZa2l1NU1zX3NUcFV3TnFlSkpEZi1IN2NyY1lYWmNhOFFiaW9CQjdLNVpLOTFlMEJCVV9veklDRFFZZGdJTDVMNkVFdTFaT1gxcmxURV9ZbVVhZXp5UWZ4N2dYM1lfcXpoSlRoYWVZMF9qa2h0SlExZmZKX3c4QWc?oc=5&hl=en-ID&gl=ID&ceid=ID:en,"Waspada DBD di Musim Pancaroba, RSUD Subang Gelar Penyuluhan Intensif bagi Pasien dan Keluarga KOTASUBANG.com",-6.8891904,107.6404716
"Sat, 28 Feb 2026 02:53:20 GMT",DBD,20,Sulawesi Tengah,province,0.75,OK,DBD di Poso: Alarm Kesehatan yang Tak Boleh Terus Diabaikan - Sulteng Raya,Sulteng Raya,https://news.google.com/rss/articles/CBMimwFBVV95cUxOQ3huVXAwMFo1WlNTUk1fMHZRSElWZ3JvaTdYZEwxVEpRX0pxUVFBLWxaQ2RlR2M2WFBoajlKOEFMRmI3ZGhHMVdFUGdxb2JKbmxMSXozSUl2dml0RzJPS0pqcFEzSEpZVmEzNGt4VzVlamNXNnAtZ3lYQkhyMGFhUFdnd0lvSXdURFBnNjNCb2lPb3NyZ3ZkZG9VUQ?oc=5,https://news.google.com/rss/articles/CBMimwFBVV95cUxOQ3huVXAwMFo1WlNTUk1fMHZRSElWZ3JvaTdYZEwxVEpRX0pxUVFBLWxaQ2RlR2M2WFBoajlKOEFMRmI3ZGhHMVdFUGdxb2JKbmxMSXozSUl2dml0RzJPS0pqcFEzSEpZVmEzNGt4VzVlamNXNnAtZ3lYQkhyMGFhUFdnd0lvSXdURFBnNjNCb2lPb3NyZ3ZkZG9VUQ?oc=5&hl=en-ID&gl=ID&ceid=ID:en,DBD di Poso: Alarm Kesehatan yang Tak Boleh Terus Diabaikan Sulteng Raya,-1.6937786,120.8088555
"Sun, 01 Mar 2026 19:54:47 GMT",DBD,20,Jawa Barat,province,0.75,OK,"Awal 2026, DBD Sukabumi Capai 54 Kasus - rmoljabar.id",rmoljabar.id,https://news.google.com/rss/articles/CBMib0FVX3lxTFB3U3lmbE56V1d0UTBnaTg3Ry03Vm8xdy1DRmZna2pORUxXdFBYVmplSWE4bVFUSFlaVzRMMk5zOFZZb2ZRTjNkVm5fNzJWckxfT0dKR2s4eEtQTE9XRUxLdmdtQUxjZ1pWUUxvRFotdw?oc=5,https://news.google.com/rss/articles/CBMib0FVX3lxTFB3U3lmbE56V1d0UTBnaTg3Ry03Vm8xdy1DRmZna2pORUxXdFBYVmplSWE4bVFUSFlaVzRMMk5zOFZZb2ZRTjNkVm5fNzJWckxfT0dKR2s4eEtQTE9XRUxLdmdtQUxjZ1pWUUxvRFotdw?oc=5&hl=en-ID&gl=ID&ceid=ID:en,"Awal 2026, DBD Sukabumi Capai 54 Kasus rmoljabar.id",-6.8891904,107.6404716
"Fri, 27 Feb 2026 03:18:00 GMT",DBD,20,Jawa Tengah,province,0.75,OK,"Dinkes Grobogan Catat 501 Kasus DBD Sepanjang 2025, Tiga Kasus Positif Campak-Rubella - suara indonesia",suara indonesia,https://news.google.com/rss/articles/CBMi2gFBVV95cUxPZ0J0RjhkYWRQVEFQRGlOcGNkWUFDMnNxVDNzV3pLMk14V2g2dmdMTjkzbnpmc1VrVzE1THlXVkNhNy13SkY2SW9oQzVTQVJrWjhIRFhHdGJ1MWhOWE1nSVNWWHR3QktXWklySGFZYzhJOU5ucGVIcHMwdWNVcF9nX0pfYkEyNUw2MmhHZThWMlQxR3hIZnpaMnN1NWZRbVhQbnB6cnNQZE9BcDA2eHFTSE1XVkRtek5lQ1IwdktscVN2dW9XSTRmak5qRE1Kd0d6WnJNU1dCZDFEZw?oc=5,https://news.google.com/rss/articles/CBMi2gFBVV95cUxPZ0J0RjhkYWRQVEFQRGlOcGNkWUFDMnNxVDNzV3pLMk14V2g2dmdMTjkzbnpmc1VrVzE1THlXVkNhNy13SkY2SW9oQzVTQVJrWjhIRFhHdGJ1MWhOWE1nSVNWWHR3QktXWklySGFZYzhJOU5ucGVIcHMwdWNVcF9nX0pfYkEyNUw2MmhHZThWMlQxR3hIZnpaMnN1NWZRbVhQbnB6cnNQZE9BcDA2eHFTSE1XVkRtek5lQ1IwdktscVN2dW9XSTRmak5qRE1Kd0d6WnJNU1dCZDFEZw?oc=5&hl=en-ID&gl=ID&ceid=ID:en,"Dinkes Grobogan Catat 501 Kasus DBD Sepanjang 2025, Tiga Kasus Positif Campak-Rubella suara indonesia",-7.3032412,110.0044145
"Sun, 01 Mar 2026 09:54:46 GMT",DBD,20,Bali,province,0.75,OK,Dinkes Antisipasi Lonjakan DBD di Desa Belega - Bisnis Bali,Bisnis Bali,https://news.google.com/rss/articles/CBMimgFBVV95cUxQbzdRa3ctOXdTa21VQzdNRUNmTjRsLWNSR05OeFVhVmlRSERQLUhvVlo5VVpveW9SSHI1SG51cXc4S0llLUZwWWppX2d5c2lydEtScGtuMWhOYUpNN2pGSDloYlRDejViQU44RFVNNlRvdl9aVnpyVEdOeFBWN3p5cGp5NGtnOHM3NU9ZYzZONTY0Q01ISE1FSllB?oc=5,https://news.google.com/rss/articles/CBMimgFBVV95cUxQbzdRa3ctOXdTa21VQzdNRUNmTjRsLWNSR05OeFVhVmlRSERQLUhvVlo5VVpveW9SSHI1SG51cXc4S0llLUZwWWppX2d5c2lydEtScGtuMWhOYUpNN2pGSDloYlRDejViQU44RFVNNlRvdl9aVnpyVEdOeFBWN3p5cGp5NGtnOHM3NU9ZYzZONTY0Q01ISE1FSllB?oc=5&hl=en-ID&gl=ID&ceid=ID:en,Dinkes Antisipasi Lonjakan DBD di Desa Belega Bisnis Bali,-8.2271303,115.1919203
"Fri, 27 Feb 2026 07:21:43 GMT",DBD,20,Jawa Barat,province,0.75,OK,"Kasus DBD di Kabupaten Bogor 2 Ribu, Cibinong Tertinggi - Bogor24Update",Bogor24Update,https://news.google.com/rss/articles/CBMikAFBVV95cUxQajFWQkNvMXlVSXUzNVRwUXl5NEZ4RTlWWERfbEJDdjFJNXIxOEU5cXBtR3FxVHZqWUZFUlN5dHVpYkloaDVDbFBWNlhVQjRRYUF4bmpEUVZYMUFYVUNiejBkLVliVzdsdUVXZGR5UHQxcnFEdGgxQURvZEhINlhTT0d6TGpyRlFkZERobmFaa0E?oc=5,https://news.google.com/rss/articles/CBMikAFBVV95cUxQajFWQkNvMXlVSXUzNVRwUXl5NEZ4RTlWWERfbEJDdjFJNXIxOEU5cXBtR3FxVHZqWUZFUlN5dHVpYkloaDVDbFBWNlhVQjRRYUF4bmpEUVZYMUFYVUNiejBkLVliVzdsdUVXZGR5UHQxcnFEdGgxQURvZEhINlhTT0d6TGpyRlFkZERobmFaa0E?oc=5&hl=en-ID&gl=ID&ceid=ID:en,"Kasus DBD di Kabupaten Bogor 2 Ribu, Cibinong Tertinggi Bogor24Update",-6.8891904,107.6404716
"Mon, 02 Mar 2026 07:29:15 GMT",DBD,20,Kalimantan Timur,province,0.75,OK,Kasus DBD Renggut Nyawa Bocah 7 Tahun di Bontang - Bontang Post,Bontang Post,https://news.google.com/rss/articles/CBMifEFVX3lxTE5scEZZZUNib2tBNC1IdWNYVDhyN2dpRGhacmQ1UHl5ckdfdVphSlRReHRMb18zTXZDYzlzUXlBaTk5Z3F2RVFjVHpKRzV1ejRSV0pSQy12VVItZlVOQ0pibS1iVllOUHd5U2ZkZDBVeUlVaFJpZDlUWWtCczQ?oc=5,https://news.google.com/rss/articles/CBMifEFVX3lxTE5scEZZZUNib2tBNC1IdWNYVDhyN2dpRGhacmQ1UHl5ckdfdVphSlRReHRMb18zTXZDYzlzUXlBaTk5Z3F2RVFjVHpKRzV1ejRSV0pSQy12VVItZlVOQ0pibS1iVllOUHd5U2ZkZDBVeUlVaFJpZDlUWWtCczQ?oc=5&hl=en-ID&gl=ID&ceid=ID:en,Kasus DBD Renggut Nyawa Bocah 7 Tahun di Bontang Bontang Post,0.7884397,116.2419977
"Fri, 27 Feb 2026 06:08:00 GMT",DBD,20,Jawa Tengah,province,0.75,OK,"Marak DBD, Dinkes Imbau Masyarakat Pati Lakukan PSN Rutin - mondes.co.id",mondes.co.id,https://news.google.com/rss/articles/CBMiigFBVV95cUxNeV9kSDB2dUNrZzYtRDZxQVVLUFIzaVRKQ3M0UXFoS096UGVtZ3BYVjZjNTNlN0lJWlg3b0puRXZiVmNjZTVsM2ZkZEdTVmFpZnBBeVg3NFc2bFNKaDNKUlFaN0xZLVJZd0k0ZGxjbzR5eWt1UGZZX3A0UWZScEQ2LUJ3cXJJaHhRclE?oc=5,https://news.google.com/rss/articles/CBMiigFBVV95cUxNeV9kSDB2dUNrZzYtRDZxQVVLUFIzaVRKQ3M0UXFoS096UGVtZ3BYVjZjNTNlN0lJWlg3b0puRXZiVmNjZTVsM2ZkZEdTVmFpZnBBeVg3NFc2bFNKaDNKUlFaN0xZLVJZd0k0ZGxjbzR5eWt1UGZZX3A0UWZScEQ2LUJ3cXJJaHhRclE?oc=5&hl=en-ID&gl=ID&ceid=ID:en,"Marak DBD, Dinkes Imbau Masyarakat Pati Lakukan PSN Rutin mondes.co.id",-7.3032412,110.0044145
"Sun, 01 Mar 2026 09:27:08 GMT",DBD,20,Bali,province,0.75,OK,"Cegah DBD, Dinas Kesehatan Gianyar Gelar Fogging di Desa Belega - Bali Post",Bali Post,https://news.google.com/rss/articles/CBMikgFBVV95cUxPUDhlenNxX2Y5ZXlyUWl4TFowaVU1YWxFRFBCNUNPa1RjTVg5R1U1QVN0aDlWZm1nTC1QaktJX0kzNEJIdVo2UTlIQjRBaDZ3cWg2OVZvWEpMd0lWSG82ZENVd2hpRVBra1FlSUw0eE5rbHdJakM5SzRqeG5DY2hBLVhXZE96czJ6bl92ejQwQTNGUQ?oc=5,https://news.google.com/rss/articles/CBMikgFBVV95cUxPUDhlenNxX2Y5ZXlyUWl4TFowaVU1YWxFRFBCNUNPa1RjTVg5R1U1QVN0aDlWZm1nTC1QaktJX0kzNEJIdVo2UTlIQjRBaDZ3cWg2OVZvWEpMd0lWSG82ZENVd2hpRVBra1FlSUw0eE5rbHdJakM5SzRqeG5DY2hBLVhXZE96czJ6bl92ejQwQTNGUQ?oc=5&hl=en-ID&gl=ID&ceid=ID:en,"Cegah DBD, Dinas Kesehatan Gianyar Gelar Fogging di Desa Belega Bali Post",-8.2271303,115.1919203
"Mon, 02 Mar 2026 04:29:00 GMT",DBD,35,Jawa Barat,province,0.75,OK,"Kabupaten Bogor Digempur 2.163 Kasus DBD: Cibinong Paling Tinggi, Enam Meninggal Dunia - Ceklissatu.com",Ceklissatu.com,https://news.google.com/rss/articles/CBMiwAFBVV95cUxPelFfcXJ5QTVHU3RURHF3Ymk3TDcwdmw0bDJIcmpmcjdJVEJWT0xFQ2c4QjlSd1JmcVp6bTNYTTBrM2ZrOUdaSE94VnU3ME43eTdrQURvZGNrRDZUWlE2RHBjMUFSc19lbGQxWmpJTWZ2VVlyU1V5NDMxWjlxekg0NGFIOTB0eDJObkFwQVhYeGVWQ2RCRlk3N09ianNRN2ZWdGxUQ0NQWFliWmtBMEl6Wi1qSzdIV1dCcWx1ZFlDc2XSAcABQVVfeXFMT3pRX3FyeUE1R1N0VERxd2JpN0w3MHZsNGwySHJqZnI3SVRCVk9MRUNnOEI5UndSZnFaem0zWE0wazNmazlHWkhPeFZ1NzBON3k3a0FEb2Rja0Q2VFpRNkRwYzFBUnNfZWxkMVpqSU1mdlVZclNVeTQzMVo5cXpINDRhSDkwdHgyTm5BcEFYWHhlVkNkQkZZNzdPYmpzUTdmVnRsVENDUFhZYlprQTBJelotaks3SFdXQnFsdWRZQ3Nl?oc=5,https://news.google.com/rss/articles/CBMiwAFBVV95cUxPelFfcXJ5QTVHU3RURHF3Ymk3TDcwdmw0bDJIcmpmcjdJVEJWT0xFQ2c4QjlSd1JmcVp6bTNYTTBrM2ZrOUdaSE94VnU3ME43eTdrQURvZGNrRDZUWlE2RHBjMUFSc19lbGQxWmpJTWZ2VVlyU1V5NDMxWjlxekg0NGFIOTB0eDJObkFwQVhYeGVWQ2RCRlk3N09ianNRN2ZWdGxUQ0NQWFliWmtBMEl6Wi1qSzdIV1dCcWx1ZFlDc2XSAcABQVVfeXFMT3pRX3FyeUE1R1N0VERxd2JpN0w3MHZsNGwySHJqZnI3SVRCVk9MRUNnOEI5UndSZnFaem0zWE0wazNmazlHWkhPeFZ1NzBON3k3a0FEb2Rja0Q2VFpRNkRwYzFBUnNfZWxkMVpqSU1mdlVZclNVeTQzMVo5cXpINDRhSDkwdHgyTm5BcEFYWHhlVkNkQkZZNzdPYmpzUTdmVnRsVENDUFhZYlprQTBJelotaks3SFdXQnFsdWRZQ3Nl?oc=5&hl=en-ID&gl=ID&ceid=ID:en,"Kabupaten Bogor Digempur 2.163 Kasus DBD: Cibinong Paling Tinggi, Enam Meninggal Dunia Ceklissatu.com",-6.8891904,107.6404716
"Fri, 27 Feb 2026 22:42:32 GMT",DBD,35,Banten,province,0.75,OK,"Waspada DBD di Semangraya, FPRB Desak Pemkot Cilegon Lakukan Fogging - radarbanten.co.id",radarbanten.co.id,https://news.google.com/rss/articles/CBMirgFBVV95cUxPcTJQSDdxMnJlRFh5Y2ZuUS1uUTI0bG9YY2dNbVphc2xDeXpRTEdHMDJHMTVTUTZIRlhvN1dzZVBCTnBxWXh0d0VJZDZxd0dSXzE1QVl1NjZFMTZuLTBZMF9PaE8xelBTRDBDMVBXUlVSU1R4MGtxYlBrWEVyekZKMjJzb180ck5GWW5zMkpvY2JUdXc4dFhLVXA0YmZOdERpZzRfZlVrSk4wS2JHVlE?oc=5,https://news.google.com/rss/articles/CBMirgFBVV95cUxPcTJQSDdxMnJlRFh5Y2ZuUS1uUTI0bG9YY2dNbVphc2xDeXpRTEdHMDJHMTVTUTZIRlhvN1dzZVBCTnBxWXh0d0VJZDZxd0dSXzE1QVl1NjZFMTZuLTBZMF9PaE8xelBTRDBDMVBXUlVSU1R4MGtxYlBrWEVyekZKMjJzb180ck5GWW5zMkpvY2JUdXc4dFhLVXA0YmZOdERpZzRfZlVrSk4wS2JHVlE?oc=5&hl=en-ID&gl=ID&ceid=ID:en,"Waspada DBD di Semangraya, FPRB Desak Pemkot Cilegon Lakukan Fogging radarbanten.co.id",-6.4453801,106.1375586
"Wed, 25 Feb 2026 07:50:28 GMT",DBD,20,Jawa Barat,province,0.75,OK,Kasus DBD di Kota Tasikmalaya Capai 30 Orang Positif - Media Indonesia,Media Indonesia,https://news.google.com/rss/articles/CBMinAFBVV95cUxPRXhkZ3dlWTU1RVY0a01RUkpzWmEzZERSbFNtNTQwWWZVM29lLTlTeGE0RGZoMGhGMm5BSmVfb3YzMWRZUFRIR0VBZmhNeHFHeWtxYkV0TDBzbWxDbVBRT2pQcm1MeVlHQnNpZ2pmUGdzYXVSRXFmSFVhXzUtaTA3ZU5uWE5KZ2tNcGd2ZkJTU0hvbldqdnNRYkFtRXA?oc=5,https://news.google.com/rss/articles/CBMinAFBVV95cUxPRXhkZ3dlWTU1RVY0a01RUkpzWmEzZERSbFNtNTQwWWZVM29lLTlTeGE0RGZoMGhGMm5BSmVfb3YzMWRZUFRIR0VBZmhNeHFHeWtxYkV0TDBzbWxDbVBRT2pQcm1MeVlHQnNpZ2pmUGdzYXVSRXFmSFVhXzUtaTA3ZU5uWE5KZ2tNcGd2ZkJTU0hvbldqdnNRYkFtRXA?oc=5&hl=en-ID&gl=ID&ceid=ID:en,Kasus DBD di Kota Tasikmalaya Capai 30 Orang Positif Media Indonesia,-6.8891904,107.6404716
"Mon, 02 Mar 2026 06:43:54 GMT",DBD,35,Banten,province,0.75,OK,Dinkes Lebak Imbau Warga Waspadai DBD Saat Musim Hujan - JakartaTerkini.id - jakartaterkini.id,jakartaterkini.id,https://news.google.com/rss/articles/CBMiqAFBVV95cUxQRkVDUVlJdW1sbHU3NTlGakdRR0VudHhVTVlOb1pZYk1zZVNZS0t4RTFmUWRfYzdpcUI4cmRyZmJnYjh4bHk3TDRuN0Vqa25FZkZtSGlxMS1mcTdybG8wRk9FWmZWMmdZLVJseGpSSTA5dzlJdmNjVnVScjVvRmlnNVRvWjhxWElfQmpMRXFrVF81UTVQUHBwRjVmV1BkSE5KUVRHT2FUUnXSAa4BQVVfeXFMUFRNaEd6TWtyZGVISDR1d09IcTdXdHlyUDNWalpWMkJoanoxRDdQWmN5M1RYQkp5ekxPb2hxdXBMdDRwdHBiOXJ4cFpPZ2xpcnFqaTd0c2RwQm5TNTBfUFZEOENyXzFkQkFRNUhHeE5Sc1JMRk9NWmw3UENla0pIcE5jV19vemQzSHBOT0ppWkwyWXlCc2Y0VFZRV2MwNjRIYjZ2SERGbHY1VDZqdEFB?oc=5,https://news.google.com/rss/articles/CBMiqAFBVV95cUxQRkVDUVlJdW1sbHU3NTlGakdRR0VudHhVTVlOb1pZYk1zZVNZS0t4RTFmUWRfYzdpcUI4cmRyZmJnYjh4bHk3TDRuN0Vqa25FZkZtSGlxMS1mcTdybG8wRk9FWmZWMmdZLVJseGpSSTA5dzlJdmNjVnVScjVvRmlnNVRvWjhxWElfQmpMRXFrVF81UTVQUHBwRjVmV1BkSE5KUVRHT2FUUnXSAa4BQVVfeXFMUFRNaEd6TWtyZGVISDR1d09IcTdXdHlyUDNWalpWMkJoanoxRDdQWmN5M1RYQkp5ekxPb2hxdXBMdDRwdHBiOXJ4cFpPZ2xpcnFqaTd0c2RwQm5TNTBfUFZEOENyXzFkQkFRNUhHeE5Sc1JMRk9NWmw3UENla0pIcE5jV19vemQzSHBOT0ppWkwyWXlCc2Y0VFZRV2MwNjRIYjZ2SERGbHY1VDZqdEFB?oc=5&hl=en-ID&gl=ID&ceid=ID:en,Dinkes Lebak Imbau Warga Waspadai DBD Saat Musim Hujan - JakartaTerkini.id jakartaterkini.id,-6.4453801,106.1375586
"Fri, 27 Feb 2026 06:08:05 GMT",DBD,20,Jawa Tengah,province,0.75,OK,"Marak DBD, Dinkes Imbau Masyarakat Pati Lakukan PSN Rutin - BeritaSatu.com",BeritaSatu.com,https://news.google.com/rss/articles/CBMiqAFBVV95cUxPMV9aSVFBd0FQMjcyTjIyRFp3SEJjNllGTDJLS200WDY1bWpsYVphNjVIM2JGendXVWNCUUV3N19vdHp2YjhGTElpdnpWVDNGODl1bEpSNlhydG5kV0d0dTBOcXRUR0FMUXkwS214S1hTWXk4c3M3ZVpaY0ZBU280Y1B5ckdlN1FpaXBtTU44Z291QnBBdlZ2MVZEZ3dsakpkS3VnQUVWT0Q?oc=5,https://news.google.com/rss/articles/CBMiqAFBVV95cUxPMV9aSVFBd0FQMjcyTjIyRFp3SEJjNllGTDJLS200WDY1bWpsYVphNjVIM2JGendXVWNCUUV3N19vdHp2YjhGTElpdnpWVDNGODl1bEpSNlhydG5kV0d0dTBOcXRUR0FMUXkwS214S1hTWXk4c3M3ZVpaY0ZBU280Y1B5ckdlN1FpaXBtTU44Z291QnBBdlZ2MVZEZ3dsakpkS3VnQUVWT0Q?oc=5&hl=en-ID&gl=ID&ceid=ID:en,"Marak DBD, Dinkes Imbau Masyarakat Pati Lakukan PSN Rutin BeritaSatu.com",-7.3032412,110.0044145
"Wed, 25 Feb 2026 06:54:13 GMT",DBD,35,DI Yogyakarta,province,0.75,OK,"Puasa di Musim Hujan, Dinkes Gunungkidul Waspadai Lonjakan DBD dan Leptospirosis - Joglo News",Joglo News,https://news.google.com/rss/articles/CBMiswFBVV95cUxOcDRmOXBocFpraDFYVk9pa1hYNUFNQ2I3YVRIRkY2c0tiSWpxTjNyUElXbWRhRmFTSWtJOU16WjJvbXdZUDVkMUlLZ1dTbFNRTEFfMFVPQXhDS004d0VSNGRvZXFEQXF6NFYxS2hxY3VFS2NCRWhrN183LUxkU09hTUJvWVlla21nM2l0RUtGVmNCbU9zcWRVYnlZS0J4YV8zYXZZc0VVX0ZrbzRlWXd1OTBsdw?oc=5,https://news.google.com/rss/articles/CBMiswFBVV95cUxOcDRmOXBocFpraDFYVk9pa1hYNUFNQ2I3YVRIRkY2c0tiSWpxTjNyUElXbWRhRmFTSWtJOU16WjJvbXdZUDVkMUlLZ1dTbFNRTEFfMFVPQXhDS004d0VSNGRvZXFEQXF6NFYxS2hxY3VFS2NCRWhrN183LUxkU09hTUJvWVlla21nM2l0RUtGVmNCbU9zcWRVYnlZS0J4YV8zYXZZc0VVX0ZrbzRlWXd1OTBsdw?oc=5&hl=en-ID&gl=ID&ceid=ID:en,"Puasa di Musim Hujan, Dinkes Gunungkidul Waspadai Lonjakan DBD dan Leptospirosis Joglo News",-7.9778384,110.3672257
"Mon, 23 Feb 2026 08:26:46 GMT",DBD,35,Jawa Barat,province,0.75,OK,"147 Kasus DBD di Garut, Dinkes Garut: 2 Meninggal - Media Indonesia",Media Indonesia,https://news.google.com/rss/articles/CBMilgFBVV95cUxNcF9YV0VtWWs5QXQwQ1BDS19EVzRqclFpX0NXS3FSOWQzcWNyZzA2LXVOcG1abDVuWTk3VFJZal9PdW5fZG9ORVlvLU1FQ012bnIzSFFxdFlVdmQ4dUlsUXY5TE5VdFJDZWVZQWQ1MnZiTHBBZ1hfVFlQbDVZbUJVcmZFbXQwc2ZacVpYYTZIdmsyNml1WkE?oc=5,https://news.google.com/rss/articles/CBMilgFBVV95cUxNcF9YV0VtWWs5QXQwQ1BDS19EVzRqclFpX0NXS3FSOWQzcWNyZzA2LXVOcG1abDVuWTk3VFJZal9PdW5fZG9ORVlvLU1FQ012bnIzSFFxdFlVdmQ4dUlsUXY5TE5VdFJDZWVZQWQ1MnZiTHBBZ1hfVFlQbDVZbUJVcmZFbXQwc2ZacVpYYTZIdmsyNml1WkE?oc=5&hl=en-ID&gl=ID&ceid=ID:en,"147 Kasus DBD di Garut, Dinkes Garut: 2 Meninggal Media Indonesia",-6.8891904,107.6404716
"Wed, 25 Feb 2026 06:26:36 GMT",DBD,20,Papua Barat,province,0.75,OK,"4 Warga Kaimana Terinfeksi DBD, Ini Imbauan Dinas Kesehatan - klikpapua",klikpapua,https://news.google.com/rss/articles/CBMiqAFBVV95cUxNNTVWV1ZnNWtBWU5MTDZVY3QwWGdyVmlCQXhXZkVYbWhtTjkzZ3ZKQm85UFB0Sk5rZDlvRURBZnR0QVNjTWt0VUpvR2xvTkxEdkdEdkpyOTEza0VmTGtaRGMwUVcxbHVVemlCc3ptc2NrRkJNY2g3eFB0Yko3VmVMTDNLd1lISzMyRnNINkJkSWlMekFHcjlUaWJRaUdhSFdJNmdJcElVdFA?oc=5,https://news.google.com/rss/articles/CBMiqAFBVV95cUxNNTVWV1ZnNWtBWU5MTDZVY3QwWGdyVmlCQXhXZkVYbWhtTjkzZ3ZKQm85UFB0Sk5rZDlvRURBZnR0QVNjTWt0VUpvR2xvTkxEdkdEdkpyOTEza0VmTGtaRGMwUVcxbHVVemlCc3ptc2NrRkJNY2g3eFB0Yko3VmVMTDNLd1lISzMyRnNINkJkSWlMekFHcjlUaWJRaUdhSFdJNmdJcElVdFA?oc=5&hl=en-ID&gl=ID&ceid=ID:en,"4 Warga Kaimana Terinfeksi DBD, Ini Imbauan Dinas Kesehatan klikpapua",-2.8553556,133.4738171
"Tue, 24 Feb 2026 03:37:05 GMT",DBD,20,Kepulauan Riau,province,0.75,OK,Kasus DBD di Karimun Tembus 463 Sepanjang 2025 - Gotvnews,Gotvnews,https://news.google.com/rss/articles/CBMiekFVX3lxTE9SNDdvMnFtRmVKNXBQcWVhXzdGLTVUM0tkUF9kNWxaa09PN3otb0R5ckl0c1ljVnNLWWl2Y0dQZk42QXdoWkNjUDFveU0yRmlNOHA2TVNnMTM4R2p1T1RpeGdLYmdOOWxoSDJ5T285T3FCdTkxaGRydXd3?oc=5,https://news.google.com/rss/articles/CBMiekFVX3lxTE9SNDdvMnFtRmVKNXBQcWVhXzdGLTVUM0tkUF9kNWxaa09PN3otb0R5ckl0c1ljVnNLWWl2Y0dQZk42QXdoWkNjUDFveU0yRmlNOHA2TVNnMTM4R2p1T1RpeGdLYmdOOWxoSDJ5T285T3FCdTkxaGRydXd3?oc=5&hl=en-ID&gl=ID&ceid=ID:en,Kasus DBD di Karimun Tembus 463 Sepanjang 2025 Gotvnews,-0.1547846,104.5803745
"Fri, 27 Feb 2026 11:09:02 GMT",DBD,20,Jawa Barat,province,0.75,OK,"Awal Tahun, Kasus DBD di Kota Sukabumi Turun Signifikan - Media Indonesia",Media Indonesia,https://news.google.com/rss/articles/CBMiowFBVV95cUxNalB5dElTVG12azBMTFZpT1lYOFJCVktIVDM5d180aVBVSHQ2dUpBeG03eGUyZXhiNnh4ZWc0SlBDT05OZzdVdWJjd1BrYVEtaGVUVkpyTDlzR1JwYzNWb1I2N19ZZHpSTmVpbVBNeXk1RXh2aldwdUhZenRja3NKcm1ObVFIVm82bVdvNURvRElyckJyaVljUm13TWFwOFhzenk0?oc=5,https://news.google.com/rss/articles/CBMiowFBVV95cUxNalB5dElTVG12azBMTFZpT1lYOFJCVktIVDM5d180aVBVSHQ2dUpBeG03eGUyZXhiNnh4ZWc0SlBDT05OZzdVdWJjd1BrYVEtaGVUVkpyTDlzR1JwYzNWb1I2N19ZZHpSTmVpbVBNeXk1RXh2aldwdUhZenRja3NKcm1ObVFIVm82bVdvNURvRElyckJyaVljUm13TWFwOFhzenk0?oc=5&hl=en-ID&gl=ID&ceid=ID:en,"Awal Tahun, Kasus DBD di Kota Sukabumi Turun Signifikan Media Indonesia",-6.8891904,107.6404716
"Thu, 26 Feb 2026 09:06:56 GMT",DBD,20,Jawa Barat,province,0.75,OK,"30 Orang Positif DBD di Kota Tasikmalaya, Ini Saran Kadinkes - Fokus Jabar",Fokus Jabar,https://news.google.com/rss/articles/CBMimAFBVV95cUxNaV9QbDh1algwSHB5OFAzZzJsUFg3NTRtSEpwMG1wMlhPZ2Njd2hub3FVcmlOX3RONl9zU0xFa2ZLUFVqSkpBMFYyVjNiZi1sbTlVeUZ3SzgxamhRaV9RU2VWM0YzNTd5WDNoREhaQkViZU1mem1RTnB1WG9DUktRRl9iT0psaDI3RVpKaGxhMHdKSUFuN3Z1SA?oc=5,https://news.google.com/rss/articles/CBMimAFBVV95cUxNaV9QbDh1algwSHB5OFAzZzJsUFg3NTRtSEpwMG1wMlhPZ2Njd2hub3FVcmlOX3RONl9zU0xFa2ZLUFVqSkpBMFYyVjNiZi1sbTlVeUZ3SzgxamhRaV9RU2VWM0YzNTd5WDNoREhaQkViZU1mem1RTnB1WG9DUktRRl9iT0psaDI3RVpKaGxhMHdKSUFuN3Z1SA?oc=5&hl=en-ID&gl=ID&ceid=ID:en,"30 Orang Positif DBD di Kota Tasikmalaya, Ini Saran Kadinkes Fokus Jabar",-6.8891904,107.6404716
"Wed, 25 Feb 2026 08:26:36 GMT",DBD,20,Papua Barat,province,0.75,OK,"4 Warga Kaimana Terinfeksi DBD, Ini Imbauan Dinas Kesehatan - BeritaSatu.com",BeritaSatu.com,https://news.google.com/rss/articles/CBMirwFBVV95cUxQQWNPXzRKWUJtU3lObVhJVDFSNjlJRG0tRVBzRlY4dExzXy1hM1BSbnhJLVhvRi15aEI2Q1pPNnV6dDQtQnFOVTVENDl5Z3lDam0tLXdaaG1oWFJ2Y1dnS1FvaEg3a2ZmMXI0eUZEbkNEd3o3bkhXcjAyc3FqUWpoX2ZFVXFlVkY1MUpBUjVVN3lrY1NQZVN6WTA1dTA1M2U1Rm5GYU9xYnBXZE5UZElj?oc=5,https://news.google.com/rss/articles/CBMirwFBVV95cUxQQWNPXzRKWUJtU3lObVhJVDFSNjlJRG0tRVBzRlY4dExzXy1hM1BSbnhJLVhvRi15aEI2Q1pPNnV6dDQtQnFOVTVENDl5Z3lDam0tLXdaaG1oWFJ2Y1dnS1FvaEg3a2ZmMXI0eUZEbkNEd3o3bkhXcjAyc3FqUWpoX2ZFVXFlVkY1MUpBUjVVN3lrY1NQZVN6WTA1dTA1M2U1Rm5GYU9xYnBXZE5UZElj?oc=5&hl=en-ID&gl=ID&ceid=ID:en,"4 Warga Kaimana Terinfeksi DBD, Ini Imbauan Dinas Kesehatan BeritaSatu.com",-2.8553556,133.4738171
"Fri, 27 Feb 2026 11:31:01 GMT",DBD,35,Sumatera Selatan,province,0.75,OK,"Balita 2 Tahun di Ogan Ilir Meninggal karena DBD, Sempat Dirawat 5 Hari di RS - detikcom",detikcom,https://news.google.com/rss/articles/CBMiyAFBVV95cUxONUpSVjBzeFFfSkltN0ZWY1ZCWHZBZ00yclByS3MtNEFIVnZtb3hMQnV1Q3BOQVhDRWJtOWhubF84cXZaaTJRbXZuNEtTUWlYa21yMDJNU1E4OGFoTC1uMFJmZ2JjNV83NkVuU1JTSG9NSGZ1M2dPOGFPRXRaUUNxYmk5RDdtdEpZdm1RNWI0VXlCQll2RWtQS2RQQUZEMFdwM1VyeHlsbDFGMzBmT2VBQ3ZwNTBhV2xTeUxDdnVtT1BiWGRSMlBZX9IByAFBVV95cUxONUpSVjBzeFFfSkltN0ZWY1ZCWHZBZ00yclByS3MtNEFIVnZtb3hMQnV1Q3BOQVhDRWJtOWhubF84cXZaaTJRbXZuNEtTUWlYa21yMDJNU1E4OGFoTC1uMFJmZ2JjNV83NkVuU1JTSG9NSGZ1M2dPOGFPRXRaUUNxYmk5RDdtdEpZdm1RNWI0VXlCQll2RWtQS2RQQUZEMFdwM1VyeHlsbDFGMzBmT2VBQ3ZwNTBhV2xTeUxDdnVtT1BiWGRSMlBZXw?oc=5,https://news.google.com/rss/articles/CBMiyAFBVV95cUxONUpSVjBzeFFfSkltN0ZWY1ZCWHZBZ00yclByS3MtNEFIVnZtb3hMQnV1Q3BOQVhDRWJtOWhubF84cXZaaTJRbXZuNEtTUWlYa21yMDJNU1E4OGFoTC1uMFJmZ2JjNV83NkVuU1JTSG9NSGZ1M2dPOGFPRXRaUUNxYmk5RDdtdEpZdm1RNWI0VXlCQll2RWtQS2RQQUZEMFdwM1VyeHlsbDFGMzBmT2VBQ3ZwNTBhV2xTeUxDdnVtT1BiWGRSMlBZX9IByAFBVV95cUxONUpSVjBzeFFfSkltN0ZWY1ZCWHZBZ00yclByS3MtNEFIVnZtb3hMQnV1Q3BOQVhDRWJtOWhubF84cXZaaTJRbXZuNEtTUWlYa21yMDJNU1E4OGFoTC1uMFJmZ2JjNV83NkVuU1JTSG9NSGZ1M2dPOGFPRXRaUUNxYmk5RDdtdEpZdm1RNWI0VXlCQll2RWtQS2RQQUZEMFdwM1VyeHlsbDFGMzBmT2VBQ3ZwNTBhV2xTeUxDdnVtT1BiWGRSMlBZXw?oc=5&hl=en-ID&gl=ID&ceid=ID:en,"Balita 2 Tahun di Ogan Ilir Meninggal karena DBD, Sempat Dirawat 5 Hari di RS detikcom",-3.2193103,104.4075059
"Wed, 25 Feb 2026 00:15:26 GMT",DBD,20,Jawa Tengah,province,0.75,OK,"Kasus DBD Purbalingga 2025 Turun 79 Persen, Dinkes Catat 55 Kasus Tanpa Kematian - BANYUMAS EKSPRES",BANYUMAS EKSPRES,https://news.google.com/rss/articles/CBMiqwFBVV95cUxQNzUzYjJNLUZ0aTlfcllsM1RBOUFyTkJoSnVTRE9tcjdsR0pfZ3BnWlJ2eE9qTFl2VVMxbDhiNEo4aDR2MF93V212bEdoT2M0YkRiZ3lQNzhad2NZNzVSR0NSUUtRZHJSV2hieGlVdXBWWmZsdXdBSG13OW1PRUJZdHFYZUJJQ1VGZnhEeFFQRUlyV1E4aWlvLVpaMlpycm5SWmtFeDNIaWxEV03SAa8BQVVfeXFMTU94OXRlTFBtT2ROaFVIU05qVkV3SjUzQXMtSTk1TE1VcnJzcU40LTJjdDBmSXozN3I5SzczLTlYZlZmMzhXcHYyNXVZdFBwRFNUcnEweFlaREdhTG1uRFhEcWh5NFFJSkplOGJwZHgzeEZVRVNTY3ZhOGNIRXVPM1F3VlNMc1pLUHY1SkxjQ2pxZmFON3VJV1JmMWRDd3NFS182dUZrWF9uZ1VlbFFFUQ?oc=5,https://news.google.com/rss/articles/CBMiqwFBVV95cUxQNzUzYjJNLUZ0aTlfcllsM1RBOUFyTkJoSnVTRE9tcjdsR0pfZ3BnWlJ2eE9qTFl2VVMxbDhiNEo4aDR2MF93V212bEdoT2M0YkRiZ3lQNzhad2NZNzVSR0NSUUtRZHJSV2hieGlVdXBWWmZsdXdBSG13OW1PRUJZdHFYZUJJQ1VGZnhEeFFQRUlyV1E4aWlvLVpaMlpycm5SWmtFeDNIaWxEV03SAa8BQVVfeXFMTU94OXRlTFBtT2ROaFVIU05qVkV3SjUzQXMtSTk1TE1VcnJzcU40LTJjdDBmSXozN3I5SzczLTlYZlZmMzhXcHYyNXVZdFBwRFNUcnEweFlaREdhTG1uRFhEcWh5NFFJSkplOGJwZHgzeEZVRVNTY3ZhOGNIRXVPM1F3VlNMc1pLUHY1SkxjQ2pxZmFON3VJV1JmMWRDd3NFS182dUZrWF9uZ1VlbFFFUQ?oc=5&hl=en-ID&gl=ID&ceid=ID:en,"Kasus DBD Purbalingga 2025 Turun 79 Persen, Dinkes Catat 55 Kasus Tanpa Kematian BANYUMAS EKSPRES",-7.3032412,110.0044145
"Fri, 27 Feb 2026 11:57:57 GMT",DBD,35,Jawa Barat,province,0.75,OK,"Waspada! DBD Renggut Enam Jiwa di Kabupaten Bogor, Cibinong Jadi Episentrum - Bogor-today.com",Bogor-today.com,https://news.google.com/rss/articles/CBMirgFBVV95cUxQUktmTmNPUndRNFZSbzZvN3V4NFZWT3RwTHF0QUxaU2FiUnZpRlRjbjFMbkdnRXpnVUxyRTJIN0YtTWdIa001TzlWWWdtbjlMVzROTkhpdi15RkVKY1h3c3BfZDNzVXk5U3p2bWNBdkFFX1NmM25oTnVsTkZLRmV2MGJhUnBxZzI5cWlNU3RLbnNid21GTGpoSXFGdXMxQlM3RjVtREw5Q3Q5M3Z6bHc?oc=5,https://news.google.com/rss/articles/CBMirgFBVV95cUxQUktmTmNPUndRNFZSbzZvN3V4NFZWT3RwTHF0QUxaU2FiUnZpRlRjbjFMbkdnRXpnVUxyRTJIN0YtTWdIa001TzlWWWdtbjlMVzROTkhpdi15RkVKY1h3c3BfZDNzVXk5U3p2bWNBdkFFX1NmM25oTnVsTkZLRmV2MGJhUnBxZzI5cWlNU3RLbnNid21GTGpoSXFGdXMxQlM3RjVtREw5Q3Q5M3Z6bHc?oc=5&hl=en-ID&gl=ID&ceid=ID:en,"Waspada! DBD Renggut Enam Jiwa di Kabupaten Bogor, Cibinong Jadi Episentrum Bogor-today.com",-6.8891904,107.6404716
"Wed, 25 Feb 2026 07:53:59 GMT",DBD,20,Jawa Tengah,province,0.75,OK,"Kasus DBD di Boyolali Turun Drastis di Awal 2026, Dinkes Catat Nol Kematian - Radar Solo - Radar Solo",Radar Solo,https://news.google.com/rss/articles/CBMiwAFBVV95cUxQS1J5SmZ2dVZ2Vm9aSlZwUWpha216cGVQcndZYXZzTHEydUVVbGlfTGtmUFFKZmpZNXl4ZzRNRWlDeWVSMTFZREdydXJEVXM0c0syUXAxQmxpMWR3andDMGs1N0RVbFVvVHZrOUw4ZmROTVl3Q2NIczVJNFNPTFhQSVdLZ3g1cTRfRlBJNG1nUGVZQkdHMzV3SEloblNBOFBTLUpXUXVJUEZXVE5ONmZESFlBYVhvMThlaEdxcy1tQlXSAcYBQVVfeXFMTnRXYzUydE5GOEE0bzQxSGYwSjFNaWhuSFFJdnRMdjZrWXpja2pneHl2UW9rMVhDa2h1dVFJWEZZWkJ3RGhNNHNGRlQteUNqWFE4WVRrdzhRU25SWWpwbUxMZWtLVWN2RlZkSFdaOEFQLWpFUER1NHF4ZTNlMGM1OWZEU1o3ek9XdkhJYXBkRXZnaENBYVYyYkVWVGtRbkJwSkRPTG04b2hLLWpVQkZGN2w1cS1kWF90ZFBIUUtCNGdaRVZFWkdn?oc=5,https://news.google.com/rss/articles/CBMiwAFBVV95cUxQS1J5SmZ2dVZ2Vm9aSlZwUWpha216cGVQcndZYXZzTHEydUVVbGlfTGtmUFFKZmpZNXl4ZzRNRWlDeWVSMTFZREdydXJEVXM0c0syUXAxQmxpMWR3andDMGs1N0RVbFVvVHZrOUw4ZmROTVl3Q2NIczVJNFNPTFhQSVdLZ3g1cTRfRlBJNG1nUGVZQkdHMzV3SEloblNBOFBTLUpXUXVJUEZXVE5ONmZESFlBYVhvMThlaEdxcy1tQlXSAcYBQVVfeXFMTnRXYzUydE5GOEE0bzQxSGYwSjFNaWhuSFFJdnRMdjZrWXpja2pneHl2UW9rMVhDa2h1dVFJWEZZWkJ3RGhNNHNGRlQteUNqWFE4WVRrdzhRU25SWWpwbUxMZWtLVWN2RlZkSFdaOEFQLWpFUER1NHF4ZTNlMGM1OWZEU1o3ek9XdkhJYXBkRXZnaENBYVYyYkVWVGtRbkJwSkRPTG04b2hLLWpVQkZGN2w1cS1kWF90ZFBIUUtCNGdaRVZFWkdn?oc=5&hl=en-ID&gl=ID&ceid=ID:en,"Kasus DBD di Boyolali Turun Drastis di Awal 2026, Dinkes Catat Nol Kematian - Radar Solo Radar Solo",-7.3032412,110.0044145
"Thu, 26 Feb 2026 09:06:25 GMT",DBD,20,Nusa Tenggara Timur,province,0.75,OK,DBD di Timor Tengah Utara Capai 36 Kasus - Pos-kupang.com,Pos-kupang.com,https://news.google.com/rss/articles/CBMilAFBVV95cUxPc2R1aUdPSDRuME1VQ1dJZW5pRnJIRC0xOE9BRGhrMmd2T3ZJWERMNzNWeUNySkJ5TUZVYTRPc0d2aXBHRHBUZ1VsMGJmencwRVJCSHdDU3lQZE1VTDRGMWMxSmtkLUI0cENWUDQwNUhjZnBnbHUxRmlVX3RRdDRGYWtMTzlEcWFQVi1zQnFaSGhfRThK?oc=5,https://news.google.com/rss/articles/CBMilAFBVV95cUxPc2R1aUdPSDRuME1VQ1dJZW5pRnJIRC0xOE9BRGhrMmd2T3ZJWERMNzNWeUNySkJ5TUZVYTRPc0d2aXBHRHBUZ1VsMGJmencwRVJCSHdDU3lQZE1VTDRGMWMxSmtkLUI0cENWUDQwNUhjZnBnbHUxRmlVX3RRdDRGYWtMTzlEcWFQVi1zQnFaSGhfRThK?oc=5&hl=en-ID&gl=ID&ceid=ID:en,DBD di Timor Tengah Utara Capai 36 Kasus Pos-kupang.com,-8.5656787,120.6978581
"Mon, 02 Mar 2026 06:00:09 GMT",DBD,35,Kalimantan Timur,province,0.75,OK,Anak 7 Tahun Meninggal Dunia karena DBD di Bontang - Kaltim Post - Kaltim Post,Kaltim Post,https://news.google.com/rss/articles/CBMiogFBVV95cUxOb1pHb3A1WDRrQTNTRUpBY2hMZE9jREtpQzVNblZabldDNER5UkFyODU4WEo3UU84b1dIOTNDaTZhNWtZWmVpLWxENXBhTDBVNTc3Qlcwa1pZX2RPVGV1aklkV29JZy04c3FTcm1SNWkwV3hKSVFjUmRNQThvTms4RzgtMWl6WjVURktfdDlPZlZzLWp1Umo5TFFJcWYxZTJwS1HSAacBQVVfeXFMUDVjQ19fdFIyUDJQOWlGVm04bDJKOTQtSHRSN1ZETENvZmFHS3VfN2xZMnNDbmFCVG56TlRRZWxmQ0lZc0hkR1czTG9ZQnpaY09YdlczNVREU3lTSEtwYkVjNjZHalBzZUFRcXJWdW1QLU5qVXNaOW1NNXJIMG00T01GcUhFY3ZsS1BfdXNheEItX1J5aFNqd2Z3S190VnBwVkdzWGM4OXc?oc=5,https://news.google.com/rss/articles/CBMiogFBVV95cUxOb1pHb3A1WDRrQTNTRUpBY2hMZE9jREtpQzVNblZabldDNER5UkFyODU4WEo3UU84b1dIOTNDaTZhNWtZWmVpLWxENXBhTDBVNTc3Qlcwa1pZX2RPVGV1aklkV29JZy04c3FTcm1SNWkwV3hKSVFjUmRNQThvTms4RzgtMWl6WjVURktfdDlPZlZzLWp1Umo5TFFJcWYxZTJwS1HSAacBQVVfeXFMUDVjQ19fdFIyUDJQOWlGVm04bDJKOTQtSHRSN1ZETENvZmFHS3VfN2xZMnNDbmFCVG56TlRRZWxmQ0lZc0hkR1czTG9ZQnpaY09YdlczNVREU3lTSEtwYkVjNjZHalBzZUFRcXJWdW1QLU5qVXNaOW1NNXJIMG00T01GcUhFY3ZsS1BfdXNheEItX1J5aFNqd2Z3S190VnBwVkdzWGM4OXc?oc=5&hl=en-ID&gl=ID&ceid=ID:en,Anak 7 Tahun Meninggal Dunia karena DBD di Bontang - Kaltim Post Kaltim Post,0.7884397,116.2419977
"Sun, 01 Mar 2026 07:45:00 GMT",DBD,20,Lampung,province,0.75,OK,"2.163 Warga Kabupaten Bogor Terserang DBD Sepanjang 2025, Tertinggi di Cibinong - Metro Bogor - Metro Bogor",Metro Bogor,https://news.google.com/rss/articles/CBMiygFBVV95cUxOa01hb0s1c3E0MmNBRUR6T1NEQ3JDQXV0QXZRM0FtenljVFM5M05ybFEwalJtcEIxYTkzbTVlRmFYV3BYY0tuZ3Y5by1XeHNIOTBoaHlEMzB2YVVuZFNJU09XSDVEcGtzeHBfbktBRnhGN2c0aVBFYWxkb0xsSzI3QU0ycWV4QldHMHlOQVVSeDNUVzd3VkpwRWZrTExfQzRRQmRicm1yMHV1WUh5SzRtbUpUSFhPN3NOczdZbVFnSGoxeThydzZ4OHhB0gHPAUFVX3lxTFBjcWY5bzloYXVVUmYzTzlwYWdEUnBydUpxNmIyUTZCdmpUTjJUWFdmUm44aGJUSmlMRFJiWkhneFpMbFp1alRrRFZzZms4NXdINkpzU080MTExY3hrX1RNVUM1dnpncGE0dXZkci13Q0Jxd1M1c2JyUzVWYkN4U2pDb29JUE1MTVA3TXdGZGtyX3hnQ1JvVHgzdWZFc0gzM3lJeHlNb3JHUVIxWDlFOGl2NERHUGNRRTFYc3V2MFlmVEJlQ210TnVHdmJxcm5DNA?oc=5,https://news.google.com/rss/articles/CBMiygFBVV95cUxOa01hb0s1c3E0MmNBRUR6T1NEQ3JDQXV0QXZRM0FtenljVFM5M05ybFEwalJtcEIxYTkzbTVlRmFYV3BYY0tuZ3Y5by1XeHNIOTBoaHlEMzB2YVVuZFNJU09XSDVEcGtzeHBfbktBRnhGN2c0aVBFYWxkb0xsSzI3QU0ycWV4QldHMHlOQVVSeDNUVzd3VkpwRWZrTExfQzRRQmRicm1yMHV1WUh5SzRtbUpUSFhPN3NOczdZbVFnSGoxeThydzZ4OHhB0gHPAUFVX3lxTFBjcWY5bzloYXVVUmYzTzlwYWdEUnBydUpxNmIyUTZCdmpUTjJUWFdmUm44aGJUSmlMRFJiWkhneFpMbFp1alRrRFZzZms4NXdINkpzU080MTExY3hrX1RNVUM1dnpncGE0dXZkci13Q0Jxd1M1c2JyUzVWYkN4U2pDb29JUE1MTVA3TXdGZGtyX3hnQ1JvVHgzdWZFc0gzM3lJeHlNb3JHUVIxWDlFOGl2NERHUGNRRTFYc3V2MFlmVEJlQ210TnVHdmJxcm5DNA?oc=5&hl=en-ID&gl=ID&ceid=ID:en,"2.163 Warga Kabupaten Bogor Terserang DBD Sepanjang 2025, Tertinggi di Cibinong - Metro Bogor Metro Bogor",-4.8555039,105.0272986
"Thu, 26 Feb 2026 10:37:00 GMT",DBD,20,Nusa Tenggara Timur,province,0.75,OK,"DBD Mulai Muncul, Magy Sigasare Minta Dinkes Ende Segera Lakukan Tindakan Konkrit - FloresPos Net",FloresPos Net,https://news.google.com/rss/articles/CBMitAFBVV95cUxOcUFVWVUtV01pczFRTkZhQzdRUmhfY016Qml6T09PMXhmX085bDVZMExBaFI1SHBkLWEtYTNjTzJhUGZ0cy1nZS1GeVgyS01sbFlGS0RWa0h5emZqMzJqaEx4eXoxcHZyQWNnSWhmNHhXX3RJTWRUb3pMeEZaT3IyOUpycWVVb1N2SFlqYlFzM3BnQWtpb3JnZl9nNlpVbFllX2ZoTzZCTHZIaGlYVXpsZXp0ak0?oc=5,https://news.google.com/rss/articles/CBMitAFBVV95cUxOcUFVWVUtV01pczFRTkZhQzdRUmhfY016Qml6T09PMXhmX085bDVZMExBaFI1SHBkLWEtYTNjTzJhUGZ0cy1nZS1GeVgyS01sbFlGS0RWa0h5emZqMzJqaEx4eXoxcHZyQWNnSWhmNHhXX3RJTWRUb3pMeEZaT3IyOUpycWVVb1N2SFlqYlFzM3BnQWtpb3JnZl9nNlpVbFllX2ZoTzZCTHZIaGlYVXpsZXp0ak0?oc=5&hl=en-ID&gl=ID&ceid=ID:en,"DBD Mulai Muncul, Magy Sigasare Minta Dinkes Ende Segera Lakukan Tindakan Konkrit FloresPos Net",-8.5656787,120.6978581
"Fri, 27 Feb 2026 01:50:00 GMT",DBD,20,Jawa Barat,province,0.75,OK,"Dinkes Kota Sukabumi Rilis Kasus DBD Turun Signifikan, Denna: Gulirkan Gerakan 1 Rumah 1 Jumantik - Media Pakuan - Media Pakuan",Media Pakuan,https://news.google.com/rss/articles/CBMi9AFBVV95cUxOc1lmdzhmc0Y2ZnJJVjJ1R3ZSdFRwUVV0RXVWVVJCb2Z4dnRjbUZpeFhXVkVHZE40cTd4NDVNVmRJRk9kc1RjR1VHLTI5Q0NzeU14a3BhWVlSYVhzeGxTMmsyTVl5ZVVLUm9nekwxd3RHcmFoREhFOW5NYi1XSHNHSVlDX1NBWXBoZzJJWFd1eEg2dlhPZEhsME11OUN6ek54OThsdDltUm5UQzA0VE1TX29aQjJnbVdZUXhJdjBkcTFPWEFGRk43YjQxUWR5MFJoQUlobmd4Wi1YaUJlazlNWnV2RmNaakxRTHhuYnFTbmI4bVg10gH6AUFVX3lxTFB5c2dNM3RQbXRxRWNLaF84TjNneUNNVkxNSks3Wlc2ejlqN0x0MGZiSGJJREZySVdzMlROSW5wSEdmUnhKbFNPek9KTmdETU1Cc09VOUdTNWlmSm9qSWpvWUMwSElsWkItWDhVanUyUWxHU3JGMTJvMTVLeElLYUlkUXpFT0hhYWFkOVFoQk9WV05nbDZmaGx5b20yUWVQOGxjdEczNmJYY0h0bUo2TnJ6a0MtS3FWTWZWbFV4OEV0aks4a1UzSlpiOHk4TkpRRDlxUFVwNjk5VTRJWjdXLWlLV3dlQV9TdE04RVE0V1dGV1dSZGxWU05Ycnc?oc=5,https://news.google.com/rss/articles/CBMi9AFBVV95cUxOc1lmdzhmc0Y2ZnJJVjJ1R3ZSdFRwUVV0RXVWVVJCb2Z4dnRjbUZpeFhXVkVHZE40cTd4NDVNVmRJRk9kc1RjR1VHLTI5Q0NzeU14a3BhWVlSYVhzeGxTMmsyTVl5ZVVLUm9nekwxd3RHcmFoREhFOW5NYi1XSHNHSVlDX1NBWXBoZzJJWFd1eEg2dlhPZEhsME11OUN6ek54OThsdDltUm5UQzA0VE1TX29aQjJnbVdZUXhJdjBkcTFPWEFGRk43YjQxUWR5MFJoQUlobmd4Wi1YaUJlazlNWnV2RmNaakxRTHhuYnFTbmI4bVg10gH6AUFVX3lxTFB5c2dNM3RQbXRxRWNLaF84TjNneUNNVkxNSks3Wlc2ejlqN0x0MGZiSGJJREZySVdzMlROSW5wSEdmUnhKbFNPek9KTmdETU1Cc09VOUdTNWlmSm9qSWpvWUMwSElsWkItWDhVanUyUWxHU3JGMTJvMTVLeElLYUlkUXpFT0hhYWFkOVFoQk9WV05nbDZmaGx5b20yUWVQOGxjdEczNmJYY0h0bUo2TnJ6a0MtS3FWTWZWbFV4OEV0aks4a1UzSlpiOHk4TkpRRDlxUFVwNjk5VTRJWjdXLWlLV3dlQV9TdE04RVE0V1dGV1dSZGxWU05Ycnc?oc=5&hl=en-ID&gl=ID&ceid=ID:en,"Dinkes Kota Sukabumi Rilis Kasus DBD Turun Signifikan, Denna: Gulirkan Gerakan 1 Rumah 1 Jumantik - Media Pakuan Media Pakuan",-6.8891904,107.6404716
"Sun, 01 Mar 2026 23:21:36 GMT",DBD,50,Sumatera Selatan,province,0.75,OK,"Satu Keluarga Diserang Wabah DBD: Satu Meninggal Dunia, Dua Masih Rawat Intensif - Suara Empat Lawang",Suara Empat Lawang,https://news.google.com/rss/articles/CBMiuwFBVV95cUxQcTFGUGVoRkZqaVNLNTRCa2hPN0JaSEpVT3RsSThfSUx6SGVRamM5VlJ5WDRxVTdseC1HVzFIeFRvZjFwSEgtUFVqUlZ2Z2ctVTJRR0NOeTc0eXNEWjliLU5DSXJIUDhFY2V5akZIa1VjTXJGZnZyTDJFdC1pcjdQYkFZMWhuNmsyeUdtd3dxaVFBMm5nYkRpNzZlUkktWFJNX0ZzcVlTZk1YZXFPbnlnQ09LZnpLeWdnd25J?oc=5,https://news.google.com/rss/articles/CBMiuwFBVV95cUxQcTFGUGVoRkZqaVNLNTRCa2hPN0JaSEpVT3RsSThfSUx6SGVRamM5VlJ5WDRxVTdseC1HVzFIeFRvZjFwSEgtUFVqUlZ2Z2ctVTJRR0NOeTc0eXNEWjliLU5DSXJIUDhFY2V5akZIa1VjTXJGZnZyTDJFdC1pcjdQYkFZMWhuNmsyeUdtd3dxaVFBMm5nYkRpNzZlUkktWFJNX0ZzcVlTZk1YZXFPbnlnQ09LZnpLeWdnd25J?oc=5&hl=en-ID&gl=ID&ceid=ID:en,"Satu Keluarga Diserang Wabah DBD: Satu Meninggal Dunia, Dua Masih Rawat Intensif Suara Empat Lawang",-3.2193103,104.4075059
"Fri, 27 Feb 2026 08:48:50 GMT",DBD,35,Jawa Barat,province,0.75,OK,"21 Ribu Kasus DBD Sebabkan 6 Orang Meninggal Dunia di Kabupaten Bogor, Cibinong Tertinggi - Bogor Update",Bogor Update,https://news.google.com/rss/articles/CBMizwFBVV95cUxOT3hRUDFXOFVoV2dmT29OaWNGcWxDNnRzNWpFVFVrQ2YzMlBTdnBqUmVEQVozN2xPTnRhS0NfLXQ2NVZ4RkZ4aWVXaVRuSjVndVJRekI2cDhtWkpCVzdPX3ZZWnNUc1YtejZwRWFEU3FXb2NxNVFOR05ZQ0ZYTXpjRjVCR2xGOThzZEdKVGxoSFQtVFJSb2dEck5RMDlGcHhreWEtSUtwbXU0MGFlcUg5X1R2NFN1VEZrSGd3OUxJTWtlU0RiZ3VzNTBPRE13RDjSAc8BQVVfeXFMTk94UVAxVzhVaFdnZk9vTmljRnFsQzZ0czVqRVRVa0NmMzJQU3ZwalJlREFaMzdsT050YUtDXy10NjVWeEZGeGllV2lUbko1Z3VSUXpCNnA4bVpKQlc3T192WVpzVHNWLXo2cEVhRFNxV29jcTVRTkdOWUNGWE16Y0Y1QkdsRjk4c2RHSlRsaEhULVRSUm9nRHJOUTA5RnB4a3lhLUlLcG11NDBhZXFIOV9UdjRTdVRGa0hndzlMSU1rZVNEYmd1czUwT0RNd0Q4?oc=5,https://news.google.com/rss/articles/CBMizwFBVV95cUxOT3hRUDFXOFVoV2dmT29OaWNGcWxDNnRzNWpFVFVrQ2YzMlBTdnBqUmVEQVozN2xPTnRhS0NfLXQ2NVZ4RkZ4aWVXaVRuSjVndVJRekI2cDhtWkpCVzdPX3ZZWnNUc1YtejZwRWFEU3FXb2NxNVFOR05ZQ0ZYTXpjRjVCR2xGOThzZEdKVGxoSFQtVFJSb2dEck5RMDlGcHhreWEtSUtwbXU0MGFlcUg5X1R2NFN1VEZrSGd3OUxJTWtlU0RiZ3VzNTBPRE13RDjSAc8BQVVfeXFMTk94UVAxVzhVaFdnZk9vTmljRnFsQzZ0czVqRVRVa0NmMzJQU3ZwalJlREFaMzdsT050YUtDXy10NjVWeEZGeGllV2lUbko1Z3VSUXpCNnA4bVpKQlc3T192WVpzVHNWLXo2cEVhRFNxV29jcTVRTkdOWUNGWE16Y0Y1QkdsRjk4c2RHSlRsaEhULVRSUm9nRHJOUTA5RnB4a3lhLUlLcG11NDBhZXFIOV9UdjRTdVRGa0hndzlMSU1rZVNEYmd1czUwT0RNd0Q4?oc=5&hl=en-ID&gl=ID&ceid=ID:en,"21 Ribu Kasus DBD Sebabkan 6 Orang Meninggal Dunia di Kabupaten Bogor, Cibinong Tertinggi Bogor Update",-6.8891904,107.6404716
"Mon, 23 Feb 2026 12:25:56 GMT",DBD,35,Kalimantan Barat,province,0.75,OK,"Kasus DBD di Mempawah Capai 245 Orang pada 2025, Satu Meninggal dengan Penyakit Penyerta - Tribunpontianak.co.id",Tribunpontianak.co.id,https://news.google.com/rss/articles/CBMi0AFBVV95cUxQUWVqajY5SVNqOThON1g1VnJZUnVvUUZBeDZzbkFVM1J2NWMwVlZKeVNmSzg0Z0UwNDVzQzdBaEx5eWhRMFAxaTAxX2lGNDNaR1U1LXNUa3otdVZYNElkZG1vN0F3RmJ3NnpkeW9Fa0FYMXduTEkyTVJoamNZRkR6NVNSMHNBSFVNNUhhS191ekd0YVRoTDdPbGRLZGJ6LUw4Ym9rM0FHY3d4YjR6ODRja0pXeEJrYmwtcDc2THhORmdxY3oxVm1lMWJtWG1MeFFs?oc=5,https://news.google.com/rss/articles/CBMi0AFBVV95cUxQUWVqajY5SVNqOThON1g1VnJZUnVvUUZBeDZzbkFVM1J2NWMwVlZKeVNmSzg0Z0UwNDVzQzdBaEx5eWhRMFAxaTAxX2lGNDNaR1U1LXNUa3otdVZYNElkZG1vN0F3RmJ3NnpkeW9Fa0FYMXduTEkyTVJoamNZRkR6NVNSMHNBSFVNNUhhS191ekd0YVRoTDdPbGRLZGJ6LUw4Ym9rM0FHY3d4YjR6ODRja0pXeEJrYmwtcDc2THhORmdxY3oxVm1lMWJtWG1MeFFs?oc=5&hl=en-ID&gl=ID&ceid=ID:en,"Kasus DBD di Mempawah Capai 245 Orang pada 2025, Satu Meninggal dengan Penyakit Penyerta Tribunpontianak.co.id",-0.1322387,111.0968901
"Thu, 26 Feb 2026 12:31:03 GMT",DBD,20,Lampung,province,0.75,OK,"Cegah Penyebaran DBD, Puskesmas Pragaan Laksanakan Fogging di Dusun Pesisir Barat - Serikatnasional.id",Serikatnasional.id,https://news.google.com/rss/articles/CBMirAFBVV95cUxOMFEyOTl0OUhkLWNkREdyZlhlSVZBWG5xVkRrX3F5blIybHZSeTFEWmxkbmNkTl9VdTNkOGQyU3RyTFA0Z3BzMlNFeDR5TnJPckVCV3EwazNsMU1HZnFaQzF1UDNnaFVTMWNDTFpiTVB6c2hudTd2ZVRweVh3aVg4ZXk5MEw5c1FsUmpkY2kwZmhBMnNXNFpKcHFfcVIwLXQwZVNxMm9WLWh5c3lu?oc=5,https://news.google.com/rss/articles/CBMirAFBVV95cUxOMFEyOTl0OUhkLWNkREdyZlhlSVZBWG5xVkRrX3F5blIybHZSeTFEWmxkbmNkTl9VdTNkOGQyU3RyTFA0Z3BzMlNFeDR5TnJPckVCV3EwazNsMU1HZnFaQzF1UDNnaFVTMWNDTFpiTVB6c2hudTd2ZVRweVh3aVg4ZXk5MEw5c1FsUmpkY2kwZmhBMnNXNFpKcHFfcVIwLXQwZVNxMm9WLWh5c3lu?oc=5&hl=en-ID&gl=ID&ceid=ID:en,"Cegah Penyebaran DBD, Puskesmas Pragaan Laksanakan Fogging di Dusun Pesisir Barat Serikatnasional.id",-4.8555039,105.0272986
"Wed, 25 Feb 2026 08:15:44 GMT",DBD,35,Jawa Barat,province,0.75,OK,"Kasus DBD di Kota Tasikmalaya Menurun Awal 2026, Kewaspadaan Musim Hujan Tetap Tinggi - Sultra Media",Sultra Media,https://news.google.com/rss/articles/CBMiuwFBVV95cUxQdUNjRmJpUk5QRUd0SENwdzJCRnk3WXVVVS05RS1JOWNWUFVGb3NVbTlFN09nOGdJUW13cDFlTE9SS09YS0dRUkR0cTFGajExVndyeHR1Q3E5MjBNMWlTMEZBTkZvN1pQSjRQYUtaMHhCblB2Rk1lUTZtRjRmWUtaTWM4YUktUWY2YXNsOEtaY3UzZjZ2Rm9zZndoek9NS1lOR01PdThmdlVqYjFyOU00LThZQlF5UjJuRkdB?oc=5,https://news.google.com/rss/articles/CBMiuwFBVV95cUxQdUNjRmJpUk5QRUd0SENwdzJCRnk3WXVVVS05RS1JOWNWUFVGb3NVbTlFN09nOGdJUW13cDFlTE9SS09YS0dRUkR0cTFGajExVndyeHR1Q3E5MjBNMWlTMEZBTkZvN1pQSjRQYUtaMHhCblB2Rk1lUTZtRjRmWUtaTWM4YUktUWY2YXNsOEtaY3UzZjZ2Rm9zZndoek9NS1lOR01PdThmdlVqYjFyOU00LThZQlF5UjJuRkdB?oc=5&hl=en-ID&gl=ID&ceid=ID:en,"Kasus DBD di Kota Tasikmalaya Menurun Awal 2026, Kewaspadaan Musim Hujan Tetap Tinggi Sultra Media",-6.8891904,107.6404716
"Mon, 02 Mar 2026 02:23:27 GMT",DBD,20,Jawa Tengah,province,0.75,OK,"Belasan Warga Pati Kena DBD di Awal 2026, Ternyata Fogging Bukan Solusi Terbaik - Joglo Jateng",Joglo Jateng,https://news.google.com/rss/articles/CBMitAFBVV95cUxOTjRYNFg4bTFMSFVSRkFYcHRDR1NMZlljYzZVUTlDVVNYV3FLdFQ5b1dhajVPajZKV2xJbE9ucUxtQzVVMUJjZ1pPemFEYW42M3B4LXpZeWFTbHJzazI3YV9ZcDdGMFY3em9UdTFJZmtIcFRaakRDa3I0OXFoVEdJQlR0OVhmR19NSDlKaTlreHVPbTZyS3pyRWNBekZjM3NEOU8yZUVVYllqUGFmN181WE1NU2g?oc=5,https://news.google.com/rss/articles/CBMitAFBVV95cUxOTjRYNFg4bTFMSFVSRkFYcHRDR1NMZlljYzZVUTlDVVNYV3FLdFQ5b1dhajVPajZKV2xJbE9ucUxtQzVVMUJjZ1pPemFEYW42M3B4LXpZeWFTbHJzazI3YV9ZcDdGMFY3em9UdTFJZmtIcFRaakRDa3I0OXFoVEdJQlR0OVhmR19NSDlKaTlreHVPbTZyS3pyRWNBekZjM3NEOU8yZUVVYllqUGFmN181WE1NU2g?oc=5&hl=en-ID&gl=ID&ceid=ID:en,"Belasan Warga Pati Kena DBD di Awal 2026, Ternyata Fogging Bukan Solusi Terbaik Joglo Jateng",-7.3032412,110.0044145
"Mon, 02 Mar 2026 05:54:00 GMT",DBD,20,Kalimantan Timur,province,0.75,OK,"Kasus DBD di Bontang Sejumlah Ini, Terbanyak di Tanjung Laut Indah Selama Februari 2026 - Kaltim Post - Kaltim Post",Kaltim Post,https://news.google.com/rss/articles/CBMi1wFBVV95cUxNWWd3ZWRNa1JSR0tEQWZnRTJjUFA1QzA4MnVrUTRlT1kxUVJXZ1hSTzQ3XzBBQ0NGcUpWU2xmczNyX0pLWHdlVDFWOG8yekxaT09YSzkwcVkxQXJYZFMxLWhPYTFmdHlvVFZrMDFwck9yb1hQTUt0Z3hCZkZLSFFLNS1jUXZuRFNxazQzODhxR0xBOXZTOG5WNFlBaHJnNDdGQ250dnFjR2xyNFBlR2ZLMjBydW9tUTRkRmxyR2h1THp0OG95SXJTcld1MlJaYzBaR25uVGJIUdIB1wFBVV95cUxNWWd3ZWRNa1JSR0tEQWZnRTJjUFA1QzA4MnVrUTRlT1kxUVJXZ1hSTzQ3XzBBQ0NGcUpWU2xmczNyX0pLWHdlVDFWOG8yekxaT09YSzkwcVkxQXJYZFMxLWhPYTFmdHlvVFZrMDFwck9yb1hQTUt0Z3hCZkZLSFFLNS1jUXZuRFNxazQzODhxR0xBOXZTOG5WNFlBaHJnNDdGQ250dnFjR2xyNFBlR2ZLMjBydW9tUTRkRmxyR2h1THp0OG95SXJTcld1MlJaYzBaR25uVGJIUQ?oc=5,https://news.google.com/rss/articles/CBMi1wFBVV95cUxNWWd3ZWRNa1JSR0tEQWZnRTJjUFA1QzA4MnVrUTRlT1kxUVJXZ1hSTzQ3XzBBQ0NGcUpWU2xmczNyX0pLWHdlVDFWOG8yekxaT09YSzkwcVkxQXJYZFMxLWhPYTFmdHlvVFZrMDFwck9yb1hQTUt0Z3hCZkZLSFFLNS1jUXZuRFNxazQzODhxR0xBOXZTOG5WNFlBaHJnNDdGQ250dnFjR2xyNFBlR2ZLMjBydW9tUTRkRmxyR2h1THp0OG95SXJTcld1MlJaYzBaR25uVGJIUdIB1wFBVV95cUxNWWd3ZWRNa1JSR0tEQWZnRTJjUFA1QzA4MnVrUTRlT1kxUVJXZ1hSTzQ3XzBBQ0NGcUpWU2xmczNyX0pLWHdlVDFWOG8yekxaT09YSzkwcVkxQXJYZFMxLWhPYTFmdHlvVFZrMDFwck9yb1hQTUt0Z3hCZkZLSFFLNS1jUXZuRFNxazQzODhxR0xBOXZTOG5WNFlBaHJnNDdGQ250dnFjR2xyNFBlR2ZLMjBydW9tUTRkRmxyR2h1THp0OG95SXJTcld1MlJaYzBaR25uVGJIUQ?oc=5&hl=en-ID&gl=ID&ceid=ID:en,"Kasus DBD di Bontang Sejumlah Ini, Terbanyak di Tanjung Laut Indah Selama Februari 2026 - Kaltim Post Kaltim Post",0.7884397,116.2419977
"Mon, 02 Mar 2026 07:54:34 GMT",DBD,20,Sumatera Selatan,province,0.75,OK,"Demam Berdarah Sebabkan Korban JIwa, Permukiman Warga di Ogan Ilir Dilakukan Fogging dan Tebar Abate - Tribunsumsel.com",Tribunsumsel.com,https://news.google.com/rss/articles/CBMi3AFBVV95cUxNaEpqYzhHTVFYejJiY1ZxM0VFcGVTYlp3VmtFTlA5aU9ZWXhXb3F1SUZTcmJram11akozQVB6TWo1RDFydFhnUFJqWUdYVW1RcG5palB4Q0lZUjdNcXZ2Z3F3WVk4a3NDSE9kNmxyelRlWmc4RmdGZVBPZmlad19vUDRzQ3NfbmRQaVliUnhNbFhpUmZWSnYzQUdySEowOTBIa2M2U2dWNzJ6TFpyanJ4RHFXU3FLaEtsR0RNNUdGckZhLVI5ZWJaMk0zdnh2bk1LQ1NDaVVzTHNrckRG?oc=5,https://news.google.com/rss/articles/CBMi3AFBVV95cUxNaEpqYzhHTVFYejJiY1ZxM0VFcGVTYlp3VmtFTlA5aU9ZWXhXb3F1SUZTcmJram11akozQVB6TWo1RDFydFhnUFJqWUdYVW1RcG5palB4Q0lZUjdNcXZ2Z3F3WVk4a3NDSE9kNmxyelRlWmc4RmdGZVBPZmlad19vUDRzQ3NfbmRQaVliUnhNbFhpUmZWSnYzQUdySEowOTBIa2M2U2dWNzJ6TFpyanJ4RHFXU3FLaEtsR0RNNUdGckZhLVI5ZWJaMk0zdnh2bk1LQ1NDaVVzTHNrckRG?oc=5&hl=en-ID&gl=ID&ceid=ID:en,"Demam Berdarah Sebabkan Korban JIwa, Permukiman Warga di Ogan Ilir Dilakukan Fogging dan Tebar Abate Tribunsumsel.com",-3.2193103,104.4075059
"Sat, 28 Feb 2026 10:44:09 GMT",DBD,35,Jawa Barat,province,0.75,OK,"Dinkes Tasikmalaya Catat Penurunan Kasus DBD Awal 2026, Waspada Puncak Musim Hujan - AcehGround",AcehGround,https://news.google.com/rss/articles/CBMiugFBVV95cUxPVDNtUlRzb1NMajN0cHU1TGtsZWR5cG1lSjVQMFlhNmVVYXdfMlhGbHBNLS1WV0h2VnlJYmdDcHNUc0FFb29xYXRDemlfNWVTUC10eGxndVZMWlNiWllndi1UajdQVlY4cjdBc2VOazBDbVg2cF83ZUtSdmx0b3ZEa21fbXNIS2tEa3hFdnZBa0JLbmJMRUNXVjZxeEh5SnlaNTNJeXlOOWNkdElEdVQtcWRuM2dlbURsZ2c?oc=5,https://news.google.com/rss/articles/CBMiugFBVV95cUxPVDNtUlRzb1NMajN0cHU1TGtsZWR5cG1lSjVQMFlhNmVVYXdfMlhGbHBNLS1WV0h2VnlJYmdDcHNUc0FFb29xYXRDemlfNWVTUC10eGxndVZMWlNiWllndi1UajdQVlY4cjdBc2VOazBDbVg2cF83ZUtSdmx0b3ZEa21fbXNIS2tEa3hFdnZBa0JLbmJMRUNXVjZxeEh5SnlaNTNJeXlOOWNkdElEdVQtcWRuM2dlbURsZ2c?oc=5&hl=en-ID&gl=ID&ceid=ID:en,"Dinkes Tasikmalaya Catat Penurunan Kasus DBD Awal 2026, Waspada Puncak Musim Hujan AcehGround",-6.8891904,107.6404716
"Sat, 28 Feb 2026 12:50:20 GMT",DBD,35,Jawa Barat,province,0.75,OK,"2.163 Warga Bogor Terserang DBD Sepanjang 2025, Enam Meninggal - Timetoday.id",Timetoday.id,https://news.google.com/rss/articles/CBMimgFBVV95cUxNc3RNdE1TZC0xZGNmWjMwaG54a0x1XzJqMHdFVWFrdVYwN0NxUEJVQUtXVC1pZEJKall5Z0JFQkZ4dmR2WHVxbWxEbF90VzdtMlg0VXJyX0thR3NNMjZETlltdGpZaXBIeUZwTFlCUHk3cW1DZlUxdV9QR3NoNHRIUXlVWDUwNnR1bDVVNUlmejBvTldlb0x1U25R?oc=5,https://news.google.com/rss/articles/CBMimgFBVV95cUxNc3RNdE1TZC0xZGNmWjMwaG54a0x1XzJqMHdFVWFrdVYwN0NxUEJVQUtXVC1pZEJKall5Z0JFQkZ4dmR2WHVxbWxEbF90VzdtMlg0VXJyX0thR3NNMjZETlltdGpZaXBIeUZwTFlCUHk3cW1DZlUxdV9QR3NoNHRIUXlVWDUwNnR1bDVVNUlmejBvTldlb0x1U25R?oc=5&hl=en-ID&gl=ID&ceid=ID:en,"2.163 Warga Bogor Terserang DBD Sepanjang 2025, Enam Meninggal Timetoday.id",-6.8891904,107.6404716
"Tue, 24 Feb 2026 02:10:34 GMT",Demam Berdarah,20,Papua,province,0.75,OK,Kasus Demam Berdarah Kepulauan Cook 'menurun' - Jubi Papua,Jubi Papua,https://news.google.com/rss/articles/CBMifkFVX3lxTFB2V01JX01uZnR6ZWtGMEY4bFpTTHV4VXBaSWczWlF6QTFiWndlYnc1Q0h1MWlLVFBSVzZZZ19GaDN2emxmQkhKd0FVbUpzUVp3YTZ4RVZ2NXRvbTJXTXJGSzF4aEp1NS11UkJ2NVUwYkdyWEJlTzFFM0tMcE1kZw?oc=5,https://news.google.com/rss/articles/CBMifkFVX3lxTFB2V01JX01uZnR6ZWtGMEY4bFpTTHV4VXBaSWczWlF6QTFiWndlYnc1Q0h1MWlLVFBSVzZZZ19GaDN2emxmQkhKd0FVbUpzUVp3YTZ4RVZ2NXRvbTJXTXJGSzF4aEp1NS11UkJ2NVUwYkdyWEJlTzFFM0tMcE1kZw?oc=5&hl=en-ID&gl=ID&ceid=ID:en,Kasus Demam Berdarah Kepulauan Cook 'menurun' Jubi Papua,-2.4749149,138.08485
"Mon, 02 Mar 2026 04:29:00 GMT",Demam Berdarah,35,Jawa Barat,province,0.75,OK,"Kabupaten Bogor Digempur 2.163 Kasus DBD: Cibinong Paling Tinggi, Enam Meninggal Dunia - Ceklissatu.com",Ceklissatu.com,https://news.google.com/rss/articles/CBMiuwFBVV95cUxQbVA5dG01aE9GSWFQYnNELWFrbDA1QndlaTFlaV9kaFVSeEl3am1sY25CTUxET2VhRlE3c0F4Tnljc0tFbHBiYmxBeFdYS1BYQnB5Qm95WU9STXNkQjJGMG8zWTRjb1lMRmRUOUR3aEdFVEJtM3hkUFJqWDZxZWVWaFdHM3pvLU5OWGV5YnNSUE5CWFYwVGh2WlpqSFQ0UkdNamZJRWlZSmhMZHBWZkdpa3UwUmZIZ0JkQzlj0gHAAUFVX3lxTE96UV9xcnlBNUdTdFREcXdiaTdMNzB2bDRsMkhyamZyN0lUQlZPTEVDZzhCOVJ3UmZxWnptM1hNMGszZms5R1pIT3hWdTcwTjd5N2tBRG9kY2tENlRaUTZEcGMxQVJzX2VsZDFaaklNZnZVWXJTVXk0MzFaOXF6SDQ0YUg5MHR4Mk5uQXBBWFh4ZVZDZEJGWTc3T2Jqc1E3ZlZ0bFRDQ1BYWWJaa0EwSXpaLWpLN0hXV0JxbHVkWUNzZQ?oc=5,https://news.google.com/rss/articles/CBMiuwFBVV95cUxQbVA5dG01aE9GSWFQYnNELWFrbDA1QndlaTFlaV9kaFVSeEl3am1sY25CTUxET2VhRlE3c0F4Tnljc0tFbHBiYmxBeFdYS1BYQnB5Qm95WU9STXNkQjJGMG8zWTRjb1lMRmRUOUR3aEdFVEJtM3hkUFJqWDZxZWVWaFdHM3pvLU5OWGV5YnNSUE5CWFYwVGh2WlpqSFQ0UkdNamZJRWlZSmhMZHBWZkdpa3UwUmZIZ0JkQzlj0gHAAUFVX3lxTE96UV9xcnlBNUdTdFREcXdiaTdMNzB2bDRsMkhyamZyN0lUQlZPTEVDZzhCOVJ3UmZxWnptM1hNMGszZms5R1pIT3hWdTcwTjd5N2tBRG9kY2tENlRaUTZEcGMxQVJzX2VsZDFaaklNZnZVWXJTVXk0MzFaOXF6SDQ0YUg5MHR4Mk5uQXBBWFh4ZVZDZEJGWTc3T2Jqc1E3ZlZ0bFRDQ1BYWWJaa0EwSXpaLWpLN0hXV0JxbHVkWUNzZQ?oc=5&hl=en-ID&gl=ID&ceid=ID:en,"Kabupaten Bogor Digempur 2.163 Kasus DBD: Cibinong Paling Tinggi, Enam Meninggal Dunia Ceklissatu.com",-6.8891904,107.6404716
"Sun, 01 Mar 2026 23:45:15 GMT",Flu Burung,20,Jawa Barat,province,0.75,OK,DKPP Kota Bandung Gencarkan Vaksinasi Rabies dan Flu Burung hingga Tingkat RW - RRI.co.id,RRI.co.id,https://news.google.com/rss/articles/CBMivAFBVV95cUxNekgxaEd6SlBYcXd5M0JPSTdXMlMzR3ZncXFVUlJjMTlueGs2ZW1EVUkyTmk0dXdMQkhxa3c4a2dhSy1NLTNnM0wwVGE0azdVX2NsNW5Qd1ZwS3lFS1NlLTFEM1YyZ3dsRFZJU01CNnBMREVLN2l5NW5QeFFtcVVMSXo1VmFUa2RXYVBEZTVYRF9JdmhLV294Z29STVJSaUlKR0YzXzh0ZGZLelRrWERralJnMklfQTg3S1V0UA?oc=5,https://news.google.com/rss/articles/CBMivAFBVV95cUxNekgxaEd6SlBYcXd5M0JPSTdXMlMzR3ZncXFVUlJjMTlueGs2ZW1EVUkyTmk0dXdMQkhxa3c4a2dhSy1NLTNnM0wwVGE0azdVX2NsNW5Qd1ZwS3lFS1NlLTFEM1YyZ3dsRFZJU01CNnBMREVLN2l5NW5QeFFtcVVMSXo1VmFUa2RXYVBEZTVYRF9JdmhLV294Z29STVJSaUlKR0YzXzh0ZGZLelRrWERralJnMklfQTg3S1V0UA?oc=5&hl=en-ID&gl=ID&ceid=ID:en,DKPP Kota Bandung Gencarkan Vaksinasi Rabies dan Flu Burung hingga Tingkat RW RRI.co.id,-6.8891904,107.6404716
"Sun, 01 Mar 2026 22:49:05 GMT",Flu Burung,20,Jawa Barat,province,0.75,OK,"Vaksinasi Rabies dan Flu Burung, Intervensi Wilayah Jadi Strategi Utama Pencegahan Penyakit Zoonosis - Radar Sumedang",Radar Sumedang,https://news.google.com/rss/articles/CBMi5wFBVV95cUxPQS1lZ1pQMjJhTmVfZmQ4a29kbU5hb0Vxa2syYUJIZFRYSy1JbEQtSGFqa1V6cmJBODUzNlgzQlVhM2NVWWlBWXpUbFd1SjZ2dXQycC1nZG9tSjJ0c0wwYVFCMkZCU183cHlmRDZOeUF0czdJemg4NGNHWWs2cFRvbnJ1OWtzTV9IVm5MWi1pODZQWjFIMWdCcG9vOWY3cXBsa3VmbjNGcUZ5QmN3LU9ZNU5mNjdHV24yejdubjZhYkVCVUpCWHJDWURWbzBTejZjbzM5YXBIMXNtUDlzZjcybHMxSklzLUE?oc=5,https://news.google.com/rss/articles/CBMi5wFBVV95cUxPQS1lZ1pQMjJhTmVfZmQ4a29kbU5hb0Vxa2syYUJIZFRYSy1JbEQtSGFqa1V6cmJBODUzNlgzQlVhM2NVWWlBWXpUbFd1SjZ2dXQycC1nZG9tSjJ0c0wwYVFCMkZCU183cHlmRDZOeUF0czdJemg4NGNHWWs2cFRvbnJ1OWtzTV9IVm5MWi1pODZQWjFIMWdCcG9vOWY3cXBsa3VmbjNGcUZ5QmN3LU9ZNU5mNjdHV24yejdubjZhYkVCVUpCWHJDWURWbzBTejZjbzM5YXBIMXNtUDlzZjcybHMxSklzLUE?oc=5&hl=en-ID&gl=ID&ceid=ID:en,"Vaksinasi Rabies dan Flu Burung, Intervensi Wilayah Jadi Strategi Utama Pencegahan Penyakit Zoonosis Radar Sumedang",-6.8891904,107.6404716
"Fri, 27 Feb 2026 14:10:52 GMT",Flu Burung,20,Jawa Barat,province,0.75,OK,"Isu Flu Burung Mencuat, Dinas Pastikan Unggas Sukabumi Tetap Aman - JAGAT BATARA",JAGAT BATARA,https://news.google.com/rss/articles/CBMikwFBVV95cUxOUzRnNzM5elBxQVg4VUQ3N3RPSVhDSkgzQXpEb3FQamJYcVFIbFREMkIwYXV4NjVQc1hwYm9KTWR5TjkwSjBCemhLSnBXa0JCLTN6VlE0T3E5elZZTUsyYUJfcUJQRXBleVZQb0luRzRTbm9wWWw3c01nbVlhUnQxNWJBQzl3ZG90TTBTUnpJc2dXaHM?oc=5,https://news.google.com/rss/articles/CBMikwFBVV95cUxOUzRnNzM5elBxQVg4VUQ3N3RPSVhDSkgzQXpEb3FQamJYcVFIbFREMkIwYXV4NjVQc1hwYm9KTWR5TjkwSjBCemhLSnBXa0JCLTN6VlE0T3E5elZZTUsyYUJfcUJQRXBleVZQb0luRzRTbm9wWWw3c01nbVlhUnQxNWJBQzl3ZG90TTBTUnpJc2dXaHM?oc=5&hl=en-ID&gl=ID&ceid=ID:en,"Isu Flu Burung Mencuat, Dinas Pastikan Unggas Sukabumi Tetap Aman JAGAT BATARA",-6.8891904,107.6404716
"Wed, 25 Feb 2026 06:26:20 GMT",Antraks,20,Riau,province,0.75,OK,"Polda DIY Sempat Amankan 3 Mahasiswa dalam Aksi Selasa Malam, Langsung Bertemu dengan Rektorat Kampus - Riau Makmur - Riau Makmur",Riau Makmur,https://news.google.com/rss/articles/CBMi6gFBVV95cUxPeFdfQVBvdklRRU5kY2xSQmM2WmQxLVcyRll6LXhUWkpkeWN2cGxMMWhLRzRqeG9EOENQUzkwYVR5T25McndaQ1BzY2VhSEViTm5waVFhR1JwbXV6SUlteDVETVlQZUlpZnZGbVNkVnFFdTBwdldXZjVwVlRBU3pTWHNkbEdTd2dodVdCekhCeUZ6YU53UmpNcGs5OElHOE96SjNXTDFjQ1RtRC1LYy1JWG1RcXZLRnhiY1NIdnlzZWFZUXdldldDRm9YZXJybnBOOUs5TDJBM1RrMHB6dHJxdHpaeTBRVzZBTGfSAe8BQVVfeXFMTkpWT1JxelJKT1lJcHRGb0ZDOXNLOFIxZ0RReFZPdFo5YW9kYzhUWnNwX1B0MW1rb3NGNGd2YTBTeXRwdmNVZUlJZjNfbGN6Unl0Q3FGdm9BN3otbENwcU13SENJT1Fmc0lFMVo1SmxqNVVTTlFXbFlGdHFJTUFmTGF4Zjl3bnl6YzJSWE9qNFJLZldwNUsxc1JWT2pfdzVVQUE1S3MtVm84V3pBTkl0bW5kQnJPTkhNQkFodi1lc3F4YjVHeFJXRGFwdmpLUTI2cVdBZ2VMMjgzNUpBcHRnam1FVW1UXzc0Tm5OLU5aWUE?oc=5,https://news.google.com/rss/articles/CBMi6gFBVV95cUxPeFdfQVBvdklRRU5kY2xSQmM2WmQxLVcyRll6LXhUWkpkeWN2cGxMMWhLRzRqeG9EOENQUzkwYVR5T25McndaQ1BzY2VhSEViTm5waVFhR1JwbXV6SUlteDVETVlQZUlpZnZGbVNkVnFFdTBwdldXZjVwVlRBU3pTWHNkbEdTd2dodVdCekhCeUZ6YU53UmpNcGs5OElHOE96SjNXTDFjQ1RtRC1LYy1JWG1RcXZLRnhiY1NIdnlzZWFZUXdldldDRm9YZXJybnBOOUs5TDJBM1RrMHB6dHJxdHpaeTBRVzZBTGfSAe8BQVVfeXFMTkpWT1JxelJKT1lJcHRGb0ZDOXNLOFIxZ0RReFZPdFo5YW9kYzhUWnNwX1B0MW1rb3NGNGd2YTBTeXRwdmNVZUlJZjNfbGN6Unl0Q3FGdm9BN3otbENwcU13SENJT1Fmc0lFMVo1SmxqNVVTTlFXbFlGdHFJTUFmTGF4Zjl3bnl6YzJSWE9qNFJLZldwNUsxc1JWT2pfdzVVQUE1S3MtVm84V3pBTkl0bW5kQnJPTkhNQkFodi1lc3F4YjVHeFJXRGFwdmpLUTI2cVdBZ2VMMjgzNUpBcHRnam1FVW1UXzc0Tm5OLU5aWUE?oc=5&hl=en-ID&gl=ID&ceid=ID:en,"Polda DIY Sempat Amankan 3 Mahasiswa dalam Aksi Selasa Malam, Langsung Bertemu dengan Rektorat Kampus - Riau Makmur Riau Makmur",1.0498079,101.6548433
"Mon, 02 Mar 2026 07:41:20 GMT",KLB Penyakit,35,Jawa Timur,province,0.75,OK,"KLB Campak Merebak, Imunolog Unair Sorot Rendahnya Cakupan Vaksin - Suara Surabaya",Suara Surabaya,https://news.google.com/rss/articles/CBMisAFBVV95cUxNR1NWWHl6dzlfbjZhWm0zNHhJcW5aX0R6YTZvMHJGTjR6T2xrRWxEWE81RUhUQ3FkcDBKNXZQZ0Z3aHl4T0lndy1WdWJzVVNUeEdVVFZxTzlUbXZPdERQbXMtRWFoVERCNVJYY2JXUmlmTWxpTElzQ2J3TXVUU0RXUjFTSzNaaWU3eEVzQ3JsMmJfcC12U3VxYUdkd2dIZkg5d1lkLWh5R05xS2c3ZjhCTdIBtgFBVV95cUxQODNINnBIcFNOZEZqTXZ1Rnl5TzRQMDhQenVRVGprTmVwQUNrUXV0UDhFdFMzZWx5eXp0YkhYRnpKZTN6YVRzZmRGMDR4Zld0b09FRnQzbmpUdE5pSnl6TERCNE5LX0hLNWlqc3RNQXBRTGJyN0xDTDNlU0FkMklxcjAzZWpzZWJXdmlsa0E1QkI1T1VrR0ZlT0ZjMkZUVTk4ZERVamdSejd3NkFLNjlaY3lQeEhGQQ?oc=5,https://news.google.com/rss/articles/CBMisAFBVV95cUxNR1NWWHl6dzlfbjZhWm0zNHhJcW5aX0R6YTZvMHJGTjR6T2xrRWxEWE81RUhUQ3FkcDBKNXZQZ0Z3aHl4T0lndy1WdWJzVVNUeEdVVFZxTzlUbXZPdERQbXMtRWFoVERCNVJYY2JXUmlmTWxpTElzQ2J3TXVUU0RXUjFTSzNaaWU3eEVzQ3JsMmJfcC12U3VxYUdkd2dIZkg5d1lkLWh5R05xS2c3ZjhCTdIBtgFBVV95cUxQODNINnBIcFNOZEZqTXZ1Rnl5TzRQMDhQenVRVGprTmVwQUNrUXV0UDhFdFMzZWx5eXp0YkhYRnpKZTN6YVRzZmRGMDR4Zld0b09FRnQzbmpUdE5pSnl6TERCNE5LX0hLNWlqc3RNQXBRTGJyN0xDTDNlU0FkMklxcjAzZWpzZWJXdmlsa0E1QkI1T1VrR0ZlT0ZjMkZUVTk4ZERVamdSejd3NkFLNjlaY3lQeEhGQQ?oc=5&hl=en-ID&gl=ID&ceid=ID:en,"KLB Campak Merebak, Imunolog Unair Sorot Rendahnya Cakupan Vaksin Suara Surabaya",-7.6977397,112.4914199
"Fri, 27 Feb 2026 14:12:31 GMT",KLB Penyakit,50,Nusa Tenggara Barat,province,0.75,OK,"KLB Campak di Bima Sudah Tembus 546 Kasus-1 Meninggal, Menkes Budi Terkejut - detikcom",detikcom,https://news.google.com/rss/articles/CBMiuAFBVV95cUxNeS1PM1JuX0c5WnpraEI2MFhvbjdWV0hpMThkTmgwdDl2S0VJRkg3Q0pmU3dlRlFVX0c3cjl4VjE1Y0dJZFNHeERkRERWbFlGdENDdFpaY3VTREV6bE1RZ2wwRE96N1dYYmhBNWdmeHF0QlVYX2V1YVhmRmhJUXBOam90U0IyTXZTbkt6TWtGekNWRW04LW5Jd2pabkowS3U0YjFxYnVubjQxU003T005VXZHYXZVdWYy0gG-AUFVX3lxTE9SMC05cWlITkYtZi1xR2tpRTZpd2RTUGtGWHdlekdVTkxYdmQxbG9ZZlJrVmFYdkVsWHRKVnJLWk0tbXYzNDBwQzhSbGNwb0FETEpfY3M1aVkxUUt1bnVDWTI5OFEySU9CZlNNMS1zVEhNTmZReXoyS0JoRHoySXczcElVX3o3YV92U0hJQWZIaVljTUt4V2dIQ1FhVnlKTDN6UGV0M0VHQmJYMHhFWnF2bnExMXlHeG1oY25LSWc?oc=5,https://news.google.com/rss/articles/CBMiuAFBVV95cUxNeS1PM1JuX0c5WnpraEI2MFhvbjdWV0hpMThkTmgwdDl2S0VJRkg3Q0pmU3dlRlFVX0c3cjl4VjE1Y0dJZFNHeERkRERWbFlGdENDdFpaY3VTREV6bE1RZ2wwRE96N1dYYmhBNWdmeHF0QlVYX2V1YVhmRmhJUXBOam90U0IyTXZTbkt6TWtGekNWRW04LW5Jd2pabkowS3U0YjFxYnVubjQxU003T005VXZHYXZVdWYy0gG-AUFVX3lxTE9SMC05cWlITkYtZi1xR2tpRTZpd2RTUGtGWHdlekdVTkxYdmQxbG9ZZlJrVmFYdkVsWHRKVnJLWk0tbXYzNDBwQzhSbGNwb0FETEpfY3M1aVkxUUt1bnVDWTI5OFEySU9CZlNNMS1zVEhNTmZReXoyS0JoRHoySXczcElVX3o3YV92U0hJQWZIaVljTUt4V2dIQ1FhVnlKTDN6UGV0M0VHQmJYMHhFWnF2bnExMXlHeG1oY25LSWc?oc=5&hl=en-ID&gl=ID&ceid=ID:en,"KLB Campak di Bima Sudah Tembus 546 Kasus-1 Meninggal, Menkes Budi Terkejut detikcom",-8.7892855,117.146169
